{"cameraMode":{"drawMode":0,"name":"Shaded","section":"Shading Mode"},"sceneLighting":false,"audioPlay":false,"sceneViewState":{"showFog":true,"showMaterialUpdate":false,"showSkybox":false,"showFlares":true,"showImageEffects":true,"showParticleSystems":true},"in2DMode":false,"pivot":{"x":-0.2540283203125,"y":-0.20053482055664063,"z":-0.027099609375},"rotation":{"x":0.021353084594011308,"y":-0.937995195388794,"z":0.059564195573329929,"w":0.34120118618011477},"size":0.8765678405761719,"orthographic":true}