{"cameraMode":{"drawMode":0,"name":"Shaded","section":"Shading Mode"},"sceneLighting":false,"audioPlay":false,"sceneViewState":{"showFog":true,"showMaterialUpdate":false,"showSkybox":false,"showFlares":true,"showImageEffects":true,"showParticleSystems":true},"in2DMode":false,"pivot":{"x":0.066162109375,"y":1.51995849609375,"z":0.3963623046875},"rotation":{"x":0.008044932037591935,"y":-0.9899866580963135,"z":0.12871694564819337,"w":0.05998578295111656},"size":1.1360279321670533,"orthographic":true}