{"cameraMode":{"drawMode":0,"name":"Shaded","section":"Shading Mode"},"sceneLighting":false,"audioPlay":false,"sceneViewState":{"showFog":true,"showMaterialUpdate":false,"showSkybox":false,"showFlares":true,"showImageEffects":true,"showParticleSystems":true},"in2DMode":false,"pivot":{"x":9.900909423828125,"y":1.87451171875,"z":10.4879150390625},"rotation":{"x":-0.001480021746829152,"y":0.9707335233688355,"z":-0.24096089601516725,"w":-0.0011872127652168275},"size":1.0654497146606446,"orthographic":true}