{"cameraMode":{"drawMode":0,"name":"Shaded","section":"Shading Mode"},"sceneLighting":false,"audioPlay":false,"sceneViewState":{"showFog":true,"showMaterialUpdate":false,"showSkybox":false,"showFlares":true,"showImageEffects":true,"showParticleSystems":true},"in2DMode":false,"pivot":{"x":16.138671875,"y":4.4349365234375,"z":1.13079833984375},"rotation":{"x":-0.017623234540224077,"y":-0.6982281804084778,"z":0.016745176166296006,"w":-0.7156055569648743},"size":15.827568054199219,"orthographic":true}