{"cameraMode":{"drawMode":0,"name":"Shaded","section":"Shading Mode"},"sceneLighting":false,"audioPlay":false,"sceneViewState":{"showFog":true,"showMaterialUpdate":false,"showSkybox":false,"showFlares":true,"showImageEffects":true,"showParticleSystems":true},"in2DMode":false,"pivot":{"x":12.0595703125,"y":7.733642578125,"z":-12.28173828125},"rotation":{"x":-0.004195095505565405,"y":0.8782615065574646,"z":0.007615513633936644,"w":0.47876304388046267},"size":8.480045318603516,"orthographic":true}