{"cameraMode":{"drawMode":0,"name":"Shaded","section":"Shading Mode"},"sceneLighting":false,"audioPlay":false,"sceneViewState":{"showFog":true,"showMaterialUpdate":false,"showSkybox":false,"showFlares":true,"showImageEffects":true,"showParticleSystems":true},"in2DMode":false,"pivot":{"x":0.8799999952316284,"y":0.7999999523162842,"z":-65.69999694824219},"rotation":{"x":-0.06201792508363724,"y":0.9362185001373291,"z":-0.21310488879680634,"w":-0.2724592685699463},"size":2.9882805347442629,"orthographic":false}